conversation_id,message_id,message_date,agent_id,user_id,message
26,2186,6/29/2022 14:24:00,employee26@testdlp.com,user26@example.org,I am really happy with the service
60,5198,5/20/2022 14:24:00,employee60@testdlp.com,user60@example.org,My updated ssn is 360606060
88,2922,5/31/2022 14:24:00,employee88@testdlp.com,user88@example.org,I am really happy with the service
18,3247,5/21/2022 14:24:00,employee18@testdlp.com,user18@example.org,I am having trouble connecting...
81,63,5/20/2022 14:24:00,employee81@testdlp.com,user81@example.org,I am really happy with the service
97,3510,6/12/2022 14:24:00,employee97@testdlp.com,user97@example.org,I am really happy with the service
21,9747,5/13/2022 14:24:00,employee21@testdlp.com,user21@example.org,Yes my current email is user21@example.org
53,4748,7/17/2022 14:24:00,employee53@testdlp.com,user53@example.org,I am really happy with the service
34,5699,7/24/2022 14:24:00,employee34@testdlp.com,user34@example.org,I am really happy with the service
11,8998,5/8/2022 14:24:00,employee11@testdlp.com,user11@example.org,I am really happy with the service
35,874,6/10/2022 14:24:00,employee35@testdlp.com,user35@example.org,My updated ssn is 335353535
30,4209,7/11/2022 14:24:00,employee30@testdlp.com,user30@example.org,My updated ssn is 330303030
21,232,7/14/2022 14:24:00,employee21@testdlp.com,user21@example.org,Yes my current email is user21@example.org
93,4790,5/14/2022 14:24:00,employee93@testdlp.com,user93@example.org,I am really happy with the service
79,8601,7/26/2022 14:24:00,employee79@testdlp.com,user79@example.org,I am really happy with the service
10,4571,5/28/2022 14:24:00,employee10@testdlp.com,user10@example.org,My updated ssn is 310101010
70,8838,5/15/2022 14:24:00,employee70@testdlp.com,user70@example.org,My updated ssn is 370707070
84,3819,5/22/2022 14:24:00,employee84@testdlp.com,user84@example.org,I am having trouble connecting...
41,4121,6/28/2022 14:24:00,employee41@testdlp.com,user41@example.org,I am really happy with the service
96,3539,8/4/2022 14:24:00,employee96@testdlp.com,user96@example.org,I am having trouble connecting...
39,6871,7/8/2022 14:24:00,employee39@testdlp.com,user39@example.org,I am really happy with the service
34,906,7/19/2022 14:24:00,employee34@testdlp.com,user34@example.org,I am really happy with the service
12,4822,5/28/2022 14:24:00,employee12@testdlp.com,user12@example.org,I am having trouble connecting...
58,1936,7/19/2022 14:24:00,employee58@testdlp.com,user58@example.org,I am really happy with the service
86,1314,7/11/2022 14:24:00,employee86@testdlp.com,user86@example.org,I am really happy with the service
14,4940,6/19/2022 14:24:00,employee14@testdlp.com,user14@example.org,Yes my current email is user14@example.org
59,2940,5/6/2022 14:24:00,employee59@testdlp.com,user59@example.org,I am really happy with the service
18,7640,5/29/2022 14:24:00,employee18@testdlp.com,user18@example.org,I am having trouble connecting...
42,8891,5/9/2022 14:24:00,employee42@testdlp.com,user42@example.org,I am having trouble connecting...
30,4685,7/8/2022 14:24:00,employee30@testdlp.com,user30@example.org,My updated ssn is 330303030
92,5302,5/21/2022 14:24:00,employee92@testdlp.com,user92@example.org,I am really happy with the service
22,1421,5/14/2022 14:24:00,employee22@testdlp.com,user22@example.org,I am really happy with the service
29,6812,6/19/2022 14:24:00,employee29@testdlp.com,user29@example.org,I am really happy with the service
33,5829,5/1/2022 14:24:00,employee33@testdlp.com,user33@example.org,I am really happy with the service
65,521,5/23/2022 14:24:00,employee65@testdlp.com,user65@example.org,My updated ssn is 365656565
93,8402,7/27/2022 14:24:00,employee93@testdlp.com,user93@example.org,I am really happy with the service
18,3365,6/10/2022 14:24:00,employee18@testdlp.com,user18@example.org,I am having trouble connecting...
88,102,7/1/2022 14:24:00,employee88@testdlp.com,user88@example.org,I am really happy with the service
26,8350,7/28/2022 14:24:00,employee26@testdlp.com,user26@example.org,I am really happy with the service
98,286,6/11/2022 14:24:00,employee98@testdlp.com,user98@example.org,Yes my current email is user98@example.org
56,3348,6/20/2022 14:24:00,employee56@testdlp.com,user56@example.org,Yes my current email is user56@example.org
48,9485,5/4/2022 14:24:00,employee48@testdlp.com,user48@example.org,I am having trouble connecting...
47,5615,6/28/2022 14:24:00,employee47@testdlp.com,user47@example.org,I am really happy with the service
88,9054,7/13/2022 14:24:00,employee88@testdlp.com,user88@example.org,I am really happy with the service
29,7676,6/23/2022 14:24:00,employee29@testdlp.com,user29@example.org,I am really happy with the service
95,9859,6/8/2022 14:24:00,employee95@testdlp.com,user95@example.org,My updated ssn is 395959595
28,4605,4/28/2022 14:24:00,employee28@testdlp.com,user28@example.org,Yes my current email is user28@example.org
60,2383,4/27/2022 14:24:00,employee60@testdlp.com,user60@example.org,My updated ssn is 360606060
58,7410,7/22/2022 14:24:00,employee58@testdlp.com,user58@example.org,I am really happy with the service
12,8791,7/6/2022 14:24:00,employee12@testdlp.com,user12@example.org,I am having trouble connecting...
92,2697,8/1/2022 14:24:00,employee92@testdlp.com,user92@example.org,I am really happy with the service
52,4692,7/17/2022 14:24:00,employee52@testdlp.com,user52@example.org,I am really happy with the service
73,9928,7/15/2022 14:24:00,employee73@testdlp.com,user73@example.org,I am really happy with the service
70,1591,5/3/2022 14:24:00,employee70@testdlp.com,user70@example.org,My updated ssn is 370707070
43,6496,5/17/2022 14:24:00,employee43@testdlp.com,user43@example.org,I am really happy with the service
29,5430,7/18/2022 14:24:00,employee29@testdlp.com,user29@example.org,I am really happy with the service
90,8974,7/17/2022 14:24:00,employee90@testdlp.com,user90@example.org,My updated ssn is 390909090
78,8235,7/20/2022 14:24:00,employee78@testdlp.com,user78@example.org,I am having trouble connecting...
12,9850,8/1/2022 14:24:00,employee12@testdlp.com,user12@example.org,I am having trouble connecting...
57,7980,5/8/2022 14:24:00,employee57@testdlp.com,user57@example.org,I am really happy with the service
14,955,5/21/2022 14:24:00,employee14@testdlp.com,user14@example.org,Yes my current email is user14@example.org
54,1333,5/13/2022 14:24:00,employee54@testdlp.com,user54@example.org,I am having trouble connecting...
72,2714,7/15/2022 14:24:00,employee72@testdlp.com,user72@example.org,I am having trouble connecting...
45,8394,5/21/2022 14:24:00,employee45@testdlp.com,user45@example.org,My updated ssn is 345454545
64,6955,5/29/2022 14:24:00,employee64@testdlp.com,user64@example.org,I am really happy with the service
57,1897,8/4/2022 14:24:00,employee57@testdlp.com,user57@example.org,I am really happy with the service
79,7043,5/10/2022 14:24:00,employee79@testdlp.com,user79@example.org,I am really happy with the service
35,3044,6/23/2022 14:24:00,employee35@testdlp.com,user35@example.org,My updated ssn is 335353535
81,3733,7/12/2022 14:24:00,employee81@testdlp.com,user81@example.org,I am really happy with the service
34,5372,7/24/2022 14:24:00,employee34@testdlp.com,user34@example.org,I am really happy with the service
37,6615,6/23/2022 14:24:00,employee37@testdlp.com,user37@example.org,I am really happy with the service
11,8266,5/24/2022 14:24:00,employee11@testdlp.com,user11@example.org,I am really happy with the service
72,7167,7/11/2022 14:24:00,employee72@testdlp.com,user72@example.org,I am having trouble connecting...
63,5086,7/26/2022 14:24:00,employee63@testdlp.com,user63@example.org,Yes my current email is user63@example.org
86,32,6/28/2022 14:24:00,employee86@testdlp.com,user86@example.org,I am really happy with the service
90,3053,7/17/2022 14:24:00,employee90@testdlp.com,user90@example.org,My updated ssn is 390909090
12,8531,4/28/2022 14:24:00,employee12@testdlp.com,user12@example.org,I am having trouble connecting...
29,4134,6/1/2022 14:24:00,employee29@testdlp.com,user29@example.org,I am really happy with the service
17,17,4/27/2022 14:24:00,employee17@testdlp.com,user17@example.org,I am really happy with the service
20,7961,7/27/2022 14:24:00,employee20@testdlp.com,user20@example.org,My updated ssn is 320202020
25,7357,6/15/2022 14:24:00,employee25@testdlp.com,user25@example.org,My updated ssn is 325252525
13,9500,5/18/2022 14:24:00,employee13@testdlp.com,user13@example.org,I am really happy with the service
67,7538,6/4/2022 14:24:00,employee67@testdlp.com,user67@example.org,I am really happy with the service
59,9514,7/22/2022 14:24:00,employee59@testdlp.com,user59@example.org,I am really happy with the service
89,4601,6/10/2022 14:24:00,employee89@testdlp.com,user89@example.org,I am really happy with the service
46,4219,6/23/2022 14:24:00,employee46@testdlp.com,user46@example.org,I am really happy with the service
48,6333,6/8/2022 14:24:00,employee48@testdlp.com,user48@example.org,I am having trouble connecting...
57,9620,5/31/2022 14:24:00,employee57@testdlp.com,user57@example.org,I am really happy with the service
83,6398,5/12/2022 14:24:00,employee83@testdlp.com,user83@example.org,I am really happy with the service
90,4300,6/17/2022 14:24:00,employee90@testdlp.com,user90@example.org,My updated ssn is 390909090
22,1940,7/21/2022 14:24:00,employee22@testdlp.com,user22@example.org,I am really happy with the service
23,3762,5/3/2022 14:24:00,employee23@testdlp.com,user23@example.org,I am really happy with the service
37,1752,6/18/2022 14:24:00,employee37@testdlp.com,user37@example.org,I am really happy with the service
10,7232,5/1/2022 14:24:00,employee10@testdlp.com,user10@example.org,My updated ssn is 310101010
14,9481,7/17/2022 14:24:00,employee14@testdlp.com,user14@example.org,Yes my current email is user14@example.org
18,56,7/19/2022 14:24:00,employee18@testdlp.com,user18@example.org,I am having trouble connecting...
12,7188,5/19/2022 14:24:00,employee12@testdlp.com,user12@example.org,I am having trouble connecting...
68,7977,6/5/2022 14:24:00,employee68@testdlp.com,user68@example.org,I am really happy with the service
61,6141,7/26/2022 14:24:00,employee61@testdlp.com,user61@example.org,I am really happy with the service